item,bs,wfa,std,s1,s2,s3,s4,s5
electricity bill,9007297.125557905,8987539.421078963,8541302.86791722,1133284.0698281173,885973.1427495223,6723086.287163184,-323641.08195870835,-678992.8896686756
initial_investment,38100000.0,24000000.0,24000000.0,57750000.0,64750000.0,24000000.0,57750000.0,64750000.0
10-year price,234.6442844309208,196.38577064004292,199.81070398080283,173.88251569818877,189.37290538224445,185.37059505995498,154.5497386736388,168.16712070089412
npv,-20063491.21605095,-6003088.310149241,-6897406.311741151,2244451.93153508,-3438705.284848325,-1734483.955572717,9225574.56180001,4301172.442714825
irr,-0.04276062119891599,0.04979055974415303,0.03849813471407493,0.12980691077855866,0.10554988419798073,0.10037204681413714,0.16040439039709753,0.13690190502619748
