description,n30,n60,n90,n30_25kwh,n30_50kwh,n30_75kwh,n60_25kwh,n60_50kwh,n60_75kwh,n90_25kwh,n90_50kwh,n90_75kwh
insat_evs,328,322,317,327,325,325,319,316,316,316,316,316
sat_evs,4051,4057,4062,4052,4054,4054,4060,4063,4063,4063,4063,4063
total_evs,4379,4379,4379,4379,4379,4379,4379,4379,4379,4379,4379,4379
sat_pct,0.9250970541219456,0.9264672299611784,0.9276090431605389,0.9253254167618178,0.925782142041562,0.925782142041562,0.9271523178807947,0.9278374058004111,0.9278374058004111,0.9278374058004111,0.9278374058004111,0.9278374058004111
cs_energy,68744.40853523546,68760.84616885002,68771.58428930046,68747.540658171,68747.29657639863,68747.98549327227,68760.4078525105,68762.37595576864,68757.92941917456,68768.93637150546,68768.13284686065,68770.66283462654
injected_energy,11436.897899485773,29595.54031168406,51337.63492876862,6468.666319366315,4253.86255366718,2984.2794815060874,24607.52492316853,21639.33562605837,19225.05571567011,46451.40216676401,43204.248752957974,40392.58168441103
grid_energy,52705.04699448579,43403.86757257192,37680.440842377924,48041.92996441152,45845.22192550146,44591.10447644951,38679.3194760654,35720.61488910049,33315.88422297507,33026.826592303616,29763.001115165822,26958.514694827183
